{
    "scene": 0,
    "black_circle_z": 0.0,
    "all_circles_position": {
        "x": 0.0,
        "y": 1.2704570293426514,
        "z": 3.819999933242798
    }
}